-- phpMyAdmin SQL Dump
-- version 5.1.1
-- https://www.phpmyadmin.net/
--
-- Host: 127.0.0.1
-- Server version: 10.4.21-MariaDB
-- PHP Version: 8.0.10

SET SQL_MODE = "NO_AUTO_VALUE_ON_ZERO";
START TRANSACTION;
SET time_zone = "+00:00";


/*!40101 SET @OLD_CHARACTER_SET_CLIENT=@@CHARACTER_SET_CLIENT */;
/*!40101 SET @OLD_CHARACTER_SET_RESULTS=@@CHARACTER_SET_RESULTS */;
/*!40101 SET @OLD_COLLATION_CONNECTION=@@COLLATION_CONNECTION */;
/*!40101 SET NAMES utf8mb4 */;

--
-- Database: `pentesters_db`
--

-- --------------------------------------------------------

--
-- Table structure for table `answers`
--

CREATE TABLE `answers` (
  `ID` int(11) NOT NULL,
  `speciality_id` varchar(4) NOT NULL,
  `name` varchar(255) NOT NULL,
  `link` varchar(255) NOT NULL,
  `date` datetime NOT NULL
) ENGINE=InnoDB DEFAULT CHARSET=utf8mb4;

-- --------------------------------------------------------

--
-- Table structure for table `contact_page_messages`
--

CREATE TABLE `contact_page_messages` (
  `ID` int(11) NOT NULL,
  `name` varchar(255) NOT NULL,
  `subject` varchar(255) NOT NULL,
  `email` varchar(255) NOT NULL,
  `tel` int(11) NOT NULL,
  `message` text NOT NULL,
  `date` datetime NOT NULL
) ENGINE=InnoDB DEFAULT CHARSET=utf8mb4;

-- --------------------------------------------------------

--
-- Table structure for table `courses`
--

CREATE TABLE `courses` (
  `ID` int(11) NOT NULL,
  `name` varchar(255) NOT NULL,
  `link` varchar(255) NOT NULL,
  `date` datetime NOT NULL
) ENGINE=InnoDB DEFAULT CHARSET=utf8mb4 COMMENT='Tutorial videos/images';

-- --------------------------------------------------------

--
-- Table structure for table `fields`
--

CREATE TABLE `fields` (
  `ID` varchar(4) NOT NULL,
  `name` varchar(255) NOT NULL
) ENGINE=InnoDB DEFAULT CHARSET=utf8mb4 COMMENT='Field of studies';

--
-- Dumping data for table `fields`
--

INSERT INTO `fields` (`ID`, `name`) VALUES
('CE', 'SOFTWARE ENGINEERING'),
('ME', 'MECHANICAL ENGINEERING');

-- --------------------------------------------------------

--
-- Table structure for table `gallery_pictures`
--

CREATE TABLE `gallery_pictures` (
  `ID` int(11) NOT NULL,
  `name` varchar(255) NOT NULL,
  `link` varchar(255) NOT NULL,
  `date` datetime NOT NULL DEFAULT current_timestamp()
) ENGINE=InnoDB DEFAULT CHARSET=utf8mb4;

-- --------------------------------------------------------

--
-- Table structure for table `members`
--

CREATE TABLE `members` (
  `ID` int(11) NOT NULL,
  `firstname` varchar(255) NOT NULL,
  `lastname` varchar(255) NOT NULL,
  `username` varchar(255) NOT NULL,
  `email` varchar(255) NOT NULL,
  `tel` int(11) NOT NULL,
  `country` varchar(255) NOT NULL,
  `city` varchar(255) NOT NULL,
  `level` enum('1','2','3','4','5') NOT NULL,
  `gender` enum('F','M') NOT NULL,
  `registration_date` datetime NOT NULL DEFAULT current_timestamp()
) ENGINE=InnoDB DEFAULT CHARSET=utf8mb4;

-- --------------------------------------------------------

--
-- Table structure for table `members_level`
--

CREATE TABLE `members_level` (
  `ID` int(11) NOT NULL,
  `name` varchar(255) NOT NULL
) ENGINE=InnoDB DEFAULT CHARSET=utf8mb4;

--
-- Dumping data for table `members_level`
--

INSERT INTO `members_level` (`ID`, `name`) VALUES
(1, 'Admins'),
(2, 'Editors'),
(3, 'HND candidates'),
(4, 'GCE candidates'),
(5, 'Normal');

-- --------------------------------------------------------

--
-- Table structure for table `profile_pictures`
--

CREATE TABLE `profile_pictures` (
  `ID` int(11) NOT NULL,
  `name` varchar(255) NOT NULL,
  `link` varchar(255) NOT NULL,
  `date` datetime NOT NULL DEFAULT current_timestamp()
) ENGINE=InnoDB DEFAULT CHARSET=utf8mb4;

-- --------------------------------------------------------

--
-- Table structure for table `question_papers`
--

CREATE TABLE `question_papers` (
  `ID` int(11) NOT NULL,
  `speciality_id` varchar(4) NOT NULL,
  `name` varchar(255) NOT NULL,
  `link` varchar(255) NOT NULL,
  `date` datetime NOT NULL
) ENGINE=InnoDB DEFAULT CHARSET=utf8mb4;

-- --------------------------------------------------------

--
-- Table structure for table `specialties`
--

CREATE TABLE `specialties` (
  `ID` varchar(4) NOT NULL,
  `name` varchar(255) NOT NULL,
  `field_id` varchar(4) NOT NULL
) ENGINE=InnoDB DEFAULT CHARSET=utf8mb4 COMMENT='HND specialties';

--
-- Dumping data for table `specialties`
--

INSERT INTO `specialties` (`ID`, `name`, `field_id`) VALUES
('BOW', 'BOILER MAKING AND WELDING', 'ME'),
('BST', 'BUILDING SCIENCE AND TECHNOLOGY', 'CE'),
('CAR', 'WOOD WORKS: Carpentary', 'CE'),
('GEO', 'Geotechnics', 'CE'),
('MEC', 'Mechanical Construction', 'ME'),
('MEM', 'Mechanical Manufacturing', 'ME'),
('MTC', 'Metal Construction', 'ME'),
('RCE', 'ROADS AND CIVIL ENGINEERING', 'CE'),
('REM', 'REAL ESTATE MAINTENANCE', 'CE'),
('SIP', 'Sanitary installation and Plumbing', 'CE'),
('TOP', 'Topography', 'CE'),
('URP', 'Urban Planning', 'CE');

--
-- Indexes for dumped tables
--

--
-- Indexes for table `answers`
--
ALTER TABLE `answers`
  ADD PRIMARY KEY (`ID`);

--
-- Indexes for table `contact_page_messages`
--
ALTER TABLE `contact_page_messages`
  ADD PRIMARY KEY (`ID`);

--
-- Indexes for table `courses`
--
ALTER TABLE `courses`
  ADD PRIMARY KEY (`ID`);

--
-- Indexes for table `fields`
--
ALTER TABLE `fields`
  ADD PRIMARY KEY (`ID`);

--
-- Indexes for table `gallery_pictures`
--
ALTER TABLE `gallery_pictures`
  ADD PRIMARY KEY (`ID`);

--
-- Indexes for table `members`
--
ALTER TABLE `members`
  ADD PRIMARY KEY (`ID`);

--
-- Indexes for table `members_level`
--
ALTER TABLE `members_level`
  ADD PRIMARY KEY (`ID`);

--
-- Indexes for table `profile_pictures`
--
ALTER TABLE `profile_pictures`
  ADD PRIMARY KEY (`ID`);

--
-- Indexes for table `question_papers`
--
ALTER TABLE `question_papers`
  ADD PRIMARY KEY (`ID`);

--
-- Indexes for table `specialties`
--
ALTER TABLE `specialties`
  ADD PRIMARY KEY (`ID`);

--
-- AUTO_INCREMENT for dumped tables
--

--
-- AUTO_INCREMENT for table `answers`
--
ALTER TABLE `answers`
  MODIFY `ID` int(11) NOT NULL AUTO_INCREMENT;

--
-- AUTO_INCREMENT for table `contact_page_messages`
--
ALTER TABLE `contact_page_messages`
  MODIFY `ID` int(11) NOT NULL AUTO_INCREMENT;

--
-- AUTO_INCREMENT for table `courses`
--
ALTER TABLE `courses`
  MODIFY `ID` int(11) NOT NULL AUTO_INCREMENT;

--
-- AUTO_INCREMENT for table `gallery_pictures`
--
ALTER TABLE `gallery_pictures`
  MODIFY `ID` int(11) NOT NULL AUTO_INCREMENT;

--
-- AUTO_INCREMENT for table `members`
--
ALTER TABLE `members`
  MODIFY `ID` int(11) NOT NULL AUTO_INCREMENT;

--
-- AUTO_INCREMENT for table `profile_pictures`
--
ALTER TABLE `profile_pictures`
  MODIFY `ID` int(11) NOT NULL AUTO_INCREMENT;

--
-- AUTO_INCREMENT for table `question_papers`
--
ALTER TABLE `question_papers`
  MODIFY `ID` int(11) NOT NULL AUTO_INCREMENT;
COMMIT;

/*!40101 SET CHARACTER_SET_CLIENT=@OLD_CHARACTER_SET_CLIENT */;
/*!40101 SET CHARACTER_SET_RESULTS=@OLD_CHARACTER_SET_RESULTS */;
/*!40101 SET COLLATION_CONNECTION=@OLD_COLLATION_CONNECTION */;
